Managed Fund Name,APIR,Fund Managers Name,URL,,,,,,,,,,,,,
IPAC AMP Capital Income Generator ,IPA0174AU,amp,www.ampcapital.com,,,,,,,,,,,,,
Ironbark AMS Moderately Conservative ,DAM0025AU,ironbark,ironbarkam.com,,,,,,,,,,,,,
Ironbark Apis Global Long/Short ,HFL0108AU,ironbark,ironbarkam.com,,,,,,,,,,,,,
Ironbark Copper Rock Global All Cap Share ,MGL0018AU,ironbark,ironbarkam.com,,,,,,,,,,,,,
Ironbark Fulcrum Diversified Investments Hedged ,HFL0104AU,ironbark,ironbarkam.com,,,,,,,,,,,,,
Ironbark GCM Global Macro ,DEU0109AU,ironbark,ironbarkam.com,,,,,,,,,,,,,
Ironbark Global Ex Australia Property ,MGL0010AU,ironbark,ironbarkam.com,,,,,,,,,,,,,
Ironbark Global Property Securities ,MGL0011AU,ironbark,ironbarkam.com,,,,,,,,,,,,,
Ironbark Karara Australian Small Companies ,PAT0002AU,ironbark,ironbarkam.com,,,,,,,,,,,,,
Ironbark Karara Market Neutral ,PER7802AU,ironbark,ironbarkam.com,,,,,,,,,,,,,
Ironbark Paladin Property Securities ,PAL0002AU,ironbark,ironbarkam.com,,,,,,,,,,,,,
Ironbark Royal London Concentrated Global Share ,MGL0004AU,ironbark,ironbarkam.com,,,,,,,,,,,,,
iShares All-Country Equity Index ,BGL0079AU,blackrock,www.blackrock.com,,,,,,,,,,,,,
iShares Australian Bond Index Wholesale ,BGL0105AU,blackrock,www.blackrock.com,,,,,,,,,,,,,
iShares Australian Equity Index ,BGL0034AU,blackrock,www.blackrock.com,,,,,,,,,,,,,
iShares Australian Listed Property Index Wholesale ,BGL0108AU,blackrock,www.blackrock.com,,,,,,,,,,,,,
iShares ESG Australian Bond Index D ,BLK2127AU,blackrock,www.blackrock.com,,,,,,,,,,,,,
iShares ESG Global Bond Index D ,BLK4636AU,blackrock,www.blackrock.com,,,,,,,,,,,,,
iShares ESG Global Bond Index E ,BLK2319AU,blackrock,www.blackrock.com,,,,,,,,,,,,,
iShares Global Bond Index ,BGL0008AU,blackrock,www.blackrock.com,,,,,,,,,,,,,
iShares Hedged International Equity Index D ,BGL0044AU,blackrock,www.blackrock.com,,,,,,,,,,,,,
iShares International Equity Index ,BGL0106AU,blackrock,www.blackrock.com,,,,,,,,,,,,,
Jamieson CC JCB Active Bond ,CHN0005AU,Jamieson Coote Bonds,www.jamiesoncootebonds.com.au,,,,,,,,,,,,,
Jamieson CC JCB Global Bond Unhedged B ,CHN1425AU,Jamieson Coote Bonds,www.jamiesoncootebonds.com.au,,,,,,,,,,,,,
Jamieson Coote Bonds Active A ,CHN0005AU,Jamieson Coote Bonds,www.jamiesoncootebonds.com.au,,,,,,,,,,,,,
Janus Henderson Australian Fixed Interest Institutional ,IOF0113AU ,Janus Henderson,www.janushenderson.com,,,,,,,,,,,,,
Janus Henderson Australian Fixed Interest ,IOF0046AU,Janus Henderson,www.janushenderson.com,,,,,,,,,,,,,
Janus Henderson Cash Institutional ,IOF0141AU,Janus Henderson,www.janushenderson.com,,,,,,,,,,,,,
Janus Henderson Conservative Fixed Interest Institutional ,IOF0111AU,Janus Henderson,www.janushenderson.com,,,,,,,,,,,,,
Janus Henderson Conservative Fixed Interest ,IOF0047AU,Janus Henderson,www.janushenderson.com,,,,,,,,,,,,,
Janus Henderson Diversified Credit ,IOF0127AU,Janus Henderson,www.janushenderson.com,,,,,,,,,,,,,
Janus Henderson Global Equity Income ,HGI0005AU,Janus Henderson,www.janushenderson.com,,,,,,,,,,,,,
Janus Henderson Global Research Growth ,ETL0186AU,Janus Henderson,www.janushenderson.com,,,,,,,,,,,,,
Janus Henderson INTECH Global All Country Managed Volatility ex-Australia ,ETL0332AU,Janus Henderson,www.janushenderson.com,,,,,,,,,,,,,
Janus Henderson Tactical Income ,IOF0145AU,Janus Henderson,www.janushenderson.com,,,,,,,,,,,,,
JBS Strategic Global ,OMF0027AU,SGF,www.sgf.com.au,,,,,,,,,,,,,
JPMorgan Global Bond Opportunities ,PER0716AU,JP Morgan,am.jpmorgan.com,,,,,,,,,,,,,
JPMorgan Global Macro Sustainable ,PER7633AU,JP Morgan,am.jpmorgan.com,,,,,,,,,,,,,
JPMorgan Global Research Enhanced Index Equity (Hedged) ,PER0715AU,JP Morgan,am.jpmorgan.com,,,,,,,,,,,,,
JPMorgan Global Research Enhanced Index Equity ,PER0719AU,JP Morgan,am.jpmorgan.com,,,,,,,,,,,,,
JPMorgan Global Strategic Bond ,PER0727AU,JP Morgan,am.jpmorgan.com,,,,,,,,,,,,,
K2 Asian Absolute Return ,KAM0100AU,K2AM,www.k2am.com.au,,,,,,,,,,,,,
K2 Australian Absolute Return ,KAM0101AU,K2AM,www.k2am.com.au,,,,,,,,,,,,,
K2 Global High Alpha ,KAM0001AU,K2AM,www.k2am.com.au,,,,,,,,,,,,,
Katana Australian Equity ,KTA0002AU,Katana,katanaasset.com,,,,,,,,,,,,,
L1 Capital International ,ETL1954AU,L1,l1.com.au,,,,,,,,,,,,,
Lakehouse Global Growth ,OMF1140 AU,Lakehouse Capital,www.lakehousecapital.com.au,,,,,,,,,,,,,
Lazard Australian Equity W ,LAZ0010AU,Lazard,www.lazardassetmanagement.com,,,,,,,,,,,,,
Lazard Emerging Markets Total Return Debt ,LAZ0023AU,Lazard,www.lazardassetmanagement.com,,,,,,,,,,,,,
Lazard Global Equity Franchise ,LAZ0025AU,Lazard,www.lazardassetmanagement.com,,,,,,,,,,,,,
Lazard Global Managed Volatility ,LAZ1240AU,Lazard,www.lazardassetmanagement.com,,,,,,,,,,,,,
Lazard Global Small Caps W ,LAZ0012AU,Lazard,www.lazardassetmanagement.com,,,,,,,,,,,,,
Lazard Select Australian Equity W ,LAZ0013AU,Lazard,www.lazardassetmanagement.com,,,,,,,,,,,,,
Legg Mason Martin Currie Diversified Growth A ,JPM0008AU,Franklin Templeteon,www.franklintempleton.com.au,,,,,,,,,,,,,
Legg Mason Martin Currie Diversified Income A ,SSB0061AU,Franklin Templeteon,www.franklintempleton.com.au,,,,,,,,,,,,,
Legg Mason Martin Currie Global Long-Term Unconstrained A ,SSB0066AU,Franklin Templeteon,www.franklintempleton.com.au,,,,,,,,,,,,,
Legg Mason Martin Currie Property Securities A ,SSB0128AU,Franklin Templeteon,www.franklintempleton.com.au,,,,,,,,,,,,,
Legg Mason Martin Currie Real Income A ,SSB0026AU,Franklin Templeteon,www.franklintempleton.com.au,,,,,,,,,,,,,
Legg Mason Martin Currie Select Opportunities A ,SSB0009AU,Franklin Templeteon,www.franklintempleton.com.au,,,,,,,,,,,,,
Legg Mason Martin Currie Sustainable Equity A ,SSB0125AU,Franklin Templeteon,www.franklintempleton.com.au,,,,,,,,,,,,,
Legg Mason Martin Currie Tactical Allocation A ,SSB0130AU,Franklin Templeteon,www.franklintempleton.com.au,,,,,,,,,,,,,
Legg Mason QS Investors Global Equity A ,SSB0126AU,Franklin Templeteon,www.franklintempleton.com.au,,,,,,,,,,,,,
Legg Mason QS Investors Global Responsible Investment A ,SSB5738AU,Franklin Templeteon,www.franklintempleton.com.au,,,,,,,,,,,,,
Legg Mason Western Asset Australian Bond A ,SSB0122AU,Franklin Templeteon,www.franklintempleton.com.au,,,,,,,,,,,,,
Legg Mason Western Asset Conservative Income A ,SSB0131AU,Franklin Templeteon,www.franklintempleton.com.au,,,,,,,,,,,,,
Legg Mason Western Asset Global Bond A ,SSB8320AU,Franklin Templeteon,www.franklintempleton.com.au,,,,,,,,,,,,,
Legg Mason Western Asset Macro Opportunities Bond A ,SSB0070AU,Franklin Templeteon,www.franklintempleton.com.au,,,,,,,,,,,,,
Lennox Australian Microcap ,HOW1289AU,Lennox Capital Partners,www.lennoxcapitalpartners.com.au,,,,,,,,,,,,,
Lennox Australian Small Companies ,HOW3590AU,Lennox Capital Partners,www.lennoxcapitalpartners.com.au,,,,,,,,,,,,,
LGM Investments Limited BMO LGM Global Emerging Markets ,PER0736AU,BMOG,www.bmogam.com,,,,,,,,,,,,,
Life Settlements Wholesale Ord AUD ,LFS0003AU,Life Settlements,lifesettlementsfund.com,,,,,,,,,,,,,
Lincoln Australian Growth Retail ,ETL0089AU,Lincoln Indicators,www.lincolnindicators.com.au,,,,,,,,,,,,,
Loftus Peak Global Disruption ,MMC0110AU,Loftus Peak,www.loftuspeak.com.au,,,,,,,,,,,,,
Macquarie Arrowstreet Global Equity Hedged ,MAQ0079AU,Macquarie,www.macquarieim.com,,,,,,,,,,,,,
Macquarie Arrowstreet Global Equity No.1 ,MAQ5378AU,Macquarie,www.macquarieim.com,,,,,,,,,,,,,
Macquarie Arrowstreet Global Equity ,MAQ0464AU,Macquarie,www.macquarieim.com,,,,,,,,,,,,,
Macquarie Australian Diversified Income ,MAQ0204AU,Macquarie,www.macquarieim.com,,,,,,,,,,,,,
Macquarie Australian Emerging Companies ,MAQ7203AU,Macquarie,www.macquarieim.com,,,,,,,,,,,,,
Macquarie Australian Fixed Interest ,MAQ0061AU,Macquarie,www.macquarieim.com,,,,,,,,,,,,,
Macquarie Australian Shares ,MAQ0443AU,Macquarie,www.macquarieim.com,,,,,,,,,,,,,
Macquarie Australian Small Companies ,MAQ0454AU,Macquarie,www.macquarieim.com,,,,,,,,,,,,,
Macquarie Diversified Equity Yield ,MAQ0836AU,Macquarie,www.macquarieim.com,,,,,,,,,,,,,
Macquarie Dynamic Bond ,MAQ0274AU,Macquarie,www.macquarieim.com,,,,,,,,,,,,,
Macquarie Hedged Index Global Infrastructure Securities ,MAQ0432AU,Macquarie,www.macquarieim.com,,,,,,,,,,,,,
Macquarie Hedged Index Global Real Estate Securities ,MAQ0830AU,Macquarie,www.macquarieim.com,,,,,,,,,,,,,
Macquarie IFP Global Franchise Hedged ,MAQ0631AU,Macquarie,www.macquarieim.com,,,,,,,,,,,,,
Macquarie IFP Global Franchise ,MAQ0404AU,Macquarie,www.macquarieim.com,,,,,,,,,,,,,
Macquarie Income Opportunities ,MAQ0277AU,Macquarie,www.macquarieim.com,,,,,,,,,,,,,
Macquarie International Infrastructure Securities ,MAQ0432AU,Macquarie,www.macquarieim.com,,,,,,,,,,,,,
Macquarie International Infrastructure Securities Unhedged ,MAQ0825AU,Macquarie,www.macquarieim.com,,,,,,,,,,,,,
Macquarie Master Balanced ,MAQ0058AU,Macquarie,www.macquarieim.com,,,,,,,,,,,,,
Macquarie Master Cash ,MAQ0187AU,Macquarie,www.macquarieim.com,,,,,,,,,,,,,
Macquarie Master Enhanced Fixed Interest ,MAQ0180AU,Macquarie,www.macquarieim.com,,,,,,,,,,,,,
Macquarie Master Property Securities ,MAQ0063AU,Macquarie,www.macquarieim.com,,,,,,,,,,,,,
Macquarie P/E Global FX Alpha ,MAQ5143AU,Macquarie,www.macquarieim.com,,,,,,,,,,,,,
Macquarie Polaris Global Equity ,MAQ0838AU,Macquarie,www.macquarieim.com,,,,,,,,,,,,,
Macquarie Professional Series Global Alternatives ,MAQ7578AU,Macquarie,www.macquarieim.com,,,,,,,,,,,,,
Macquarie Small Companies ,MAQ0454AU,Macquarie,www.macquarieim.com,,,,,,,,,,,,,
Macquarie True Index Australian Fixed Interest ,MAQ0211AU,Macquarie,www.macquarieim.com,,,,,,,,,,,,,
Macquarie True Index Australian Shares ,MAQ0288AU,Macquarie,www.macquarieim.com,,,,,,,,,,,,,
Macquarie True Index Cash ,MAQ0789AU,Macquarie,www.macquarieim.com,,,,,,,,,,,,,
Macquarie True Index Emerging Markets ,MAQ0837AU,Macquarie,www.macquarieim.com,,,,,,,,,,,,,
Macquarie True Index Global Infrastructure Securities ,MAQ0831AU,Macquarie,www.macquarieim.com,,,,,,,,,,,,,
Macquarie True Index Global Real Estate Securities ,MAQ0832AU,Macquarie,www.macquarieim.com,,,,,,,,,,,,,
Macquarie True Index International Equities ,MAQ0633AU,Macquarie,www.macquarieim.com,,,,,,,,,,,,,
Macquarie True Index Listed Property ,MAQ0219AU,Macquarie,www.macquarieim.com,,,,,,,,,,,,,
Macquarie Walter Scott Emerging Markets ,MAQ0651AU,Macquarie,www.macquarieim.com,,,,,,,,,,,,,
Macquarie Walter Scott Global Equity Hedged ,MAQ0557AU,Macquarie,www.macquarieim.com,,,,,,,,,,,,,
Macquarie Walter Scott Global Equity No 1 ,MAQ9692AU,Macquarie,www.macquarieim.com,,,,,,,,,,,,,
Macquarie Walter Scott Global Equity ,MAQ0410AU,Macquarie,www.macquarieim.com,,,,,,,,,,,,,
Macquarie Wholesale Property Securities ,MAQ0287AU,Macquarie,www.macquarieim.com,,,,,,,,,,,,,
Magellan Global Hedged ,MGE0007AU,Magellan Group,www.magellangroup.com.au,,,,,,,,,,,,,
Magellan Global ,MGE0001AU,Magellan Group,www.magellangroup.com.au,,,,,,,,,,,,,
Magellan High Conviction ,MGE0005AU,Magellan Group,www.magellangroup.com.au,,,,,,,,,,,,,
Magellan Infrastructure ,MGE0002AU,Magellan Group,www.magellangroup.com.au,,,,,,,,,,,,,
Magellan Infrastructure Unhedged ,MGE0006AU,Magellan Group,www.magellangroup.com.au,,,,,,,,,,,,,
Maple-Brown Abbott Australian Equity Trust ,MPL0002AU,Maple Brown Abbot,www.maple-brownabbott.com.au,,,,,,,,,,,,,
Maple-Brown Abbott Diversified Investment Trust ,MPL0001AU,Maple Brown Abbot,www.maple-brownabbott.com.au,,,,,,,,,,,,,
Maple-Brown Abbott Responsible Investment ,MPL0544AU,Maple Brown Abbot,www.maple-brownabbott.com.au,,,,,,,,,,,,,
Mason Stevens Credit A ,MST0002AU,Mason Stevens,masonstevens.com.au,,,,,,,,,,,,,
Mercer Australian Inflation Plus A,MIN0031AU,Mercer,www.mercer.com.au,,,,,,,,,,,,,
Mercer Australian Sovereign Bond ,MIN0030AU,Mercer,www.mercer.com.au,,,,,,,,,,,,,
Mercer Cash-Cash Units ,MIN0008AU,Mercer,www.mercer.com.au,,,,,,,,,,,,,
Mercer Diversified Alternatives ,MIN0026AU,Mercer,www.mercer.com.au,,,,,,,,,,,,,
Mercer Global Credit ,MIN0032AU,Mercer,www.mercer.com.au,,,,,,,,,,,,,
Mercer Global Sovereign Bond ,MIN0028AU,Mercer,www.mercer.com.au,,,,,,,,,,,,,
Mercer Global Unlisted Infrastructure ,MIN0036AU,Mercer,www.mercer.com.au,,,,,,,,,,,,,
Mercer Moderate Growth ,MIN0014AU,Mercer,www.mercer.com.au,,,,,,,,,,,,,
Mercer Passive Australian Listed Property ,MIN0029AU,Mercer,www.mercer.com.au,,,,,,,,,,,,,
Mercer Passive Global Listed Infrastructure ,NCL0012AU,Mercer,www.mercer.com.au,,,,,,,,,,,,,
Mercer Passive Global Listed Property ,NCL0010AU,Mercer,www.mercer.com.au,,,,,,,,,,,,,
MFS Blended Research Global Equity Trust ,ETL0402AU,MFS,www.mfs.com,,,,,,,,,,,,,
MFS Emerging Markets Equity Trust ,ETL0334AU,MFS,www.mfs.com,,,,,,,,,,,,,
MFS Fully Hedged Global Equity Trust ,ETL0041AU,MFS,www.mfs.com,,,,,,,,,,,,,
MFS Global Equity Trust ,MIA0001AU,MFS,www.mfs.com,,,,,,,,,,,,,
Mittleman Global Value Equity P ,ETL7776AU,Brook Vine,brookvine.com.au,,,,,,,,,,,,,
MLC PIC Wholesale 0/100 Portfolio ,MLC0774AU,MLC,www.mlcam.com.au,,,,,,,,,,,,,
MLC PIC Wholesale 50/50 Portfolio ,MLC0776AU,MLC,www.mlcam.com.au,,,,,,,,,,,,,
MLC PIC Wholesale Diversified Debt ,MLC0840AU,MLC,www.mlcam.com.au,,,,,,,,,,,,,
MLC PIC Wholesale Global Property ,MLC0788AU,MLC,www.mlcam.com.au,,,,,,,,,,,,,
MLC PIC Wholesale Index Plus Conservative Growth Portfolio ,MLC5068AU,MLC,www.mlcam.com.au,,,,,,,,,,,,,
MLC PIC Wholesale Property Securities ,MLC0783AU,MLC,www.mlcam.com.au,,,,,,,,,,,,,
MLC Wholesale Diversified Debt A ,MLC0839AU,MLC,www.mlcam.com.au,,,,,,,,,,,,,
MLC Wholesale Global Property A ,MLC0786AU,MLC,www.mlcam.com.au,,,,,,,,,,,,,
MLC Wholesale Horizon 1 Bond Portfolio ,MLC0669AU,MLC,www.mlcam.com.au,,,,,,,,,,,,,
MLC Wholesale Horizon 3 Conservative Growth Portfolio ,MLC0398AU,MLC,www.mlcam.com.au,,,,,,,,,,,,,
MLC Wholesale Index Plus Conservative Growth Portfolio ,MLC7849AU,MLC,www.mlcam.com.au,,,,,,,,,,,,,
Monash Absolute Investment Fund A ,MON0001AU,Monash,monashinvestors.com,,,,,,,,,,,,,
Montgomery Global ,FHT0036AU,Mont Invest,www.montinvest.com,,,,,,,,,,,,,
Montgomery Investment Management Montaka Global Access ,FTH0038AU,Mont Invest,www.montinvest.com,,,,,,,,,,,,,
Montgomery Investment Management Montaka Global Equities ,PER6331AU,Mont Invest,www.montinvest.com,,,,,,,,,,,,,
Montgomery Investment Management The Montgomery ,FHT0030AU,Mont Invest,www.montinvest.com,,,,,,,,,,,,,
Morningstar Australian Shares A ,INT0022AU,Morningstar,www.morningstar.com.au,,,,,,,,,,,,,
Morningstar Balanced Real Return A ,INT0028AU,Morningstar,www.morningstar.com.au,,,,,,,,,,,,,
Morningstar International Bonds (Hedged) A ,INT0080AU,Morningstar,www.morningstar.com.au,,,,,,,,,,,,,
Morningstar Multi-Asset Defensive Z ,ASK1214AU,Morningstar,www.morningstar.com.au,,,,,,,,,,,,,
Morphic Global opportunities A ,PER0673AU,Morphic,www.morphicasset.com,,,,,,,,,,,,,
Morphic Trium Morphic ESG L/S Global ,PER6416AU,Morphic,www.morphicasset.com,,,,,,,,,,,,,
Munro Global Growth Ordinary ,MUA0002AU,Munro Partners,munropartners.com.au,,,,,,,,,,,,,
Mutual 50 Leaders Australian Shares ,PRM0001AU,Mutual,www.mutualltd.com.au,,,,,,,,,,,,,
Nanuk New World ,SLT2171AU,Nanuk,www.nanukasset.com,,,,,,,,,,,,,
Netwealth Active 50/50 Balanced ,NET0006AU,Net Wealth,www.netwealth.com,,,,,,,,,,,,,
Netwealth Australian Bond Index ,NET0023AU,Net Wealth,www.netwealth.com,,,,,,,,,,,,,
Netwealth Australian Equities Index ,NET0001AU,Net Wealth,www.netwealth.com,,,,,,,,,,,,,
Netwealth Australian Property Index ,NET0010AU,Net Wealth,www.netwealth.com,,,,,,,,,,,,,
Netwealth Global Bond Index ,NET5702AU,Net Wealth,www.netwealth.com,,,,,,,,,,,,,
Netwealth Index Opportunities Balanced ,NET0002AU,Net Wealth,www.netwealth.com,,,,,,,,,,,,,
Nikko AM Global Share ,SUN0031AU,Yarra,www.yarracm.com,,,,,,,,,,,,,
Northcape Capital Global Emerging Markets ,NCP0001AU,Northcape,www.northcape.com.au,,,,,,,,,,,,,
Northcape Capital Global Equities ,NCP2294AU,Northcape,www.northcape.com.au,,,,,,,,,,,,,
Novaport Microcap ,HOW0016AU,Nova Port Capital,www.novaportcapital.com.au,,,,,,,,,,,,,
OC Dynamic Equity ,OPS0001AU,Oc Funds,www.ocfunds.com.au,,,,,,,,,,,,,
OC Micro-Cap ,OPS0004AU,OC Funds,www.ocfunds.com.au,,,,,,,,,,,,,
OC Premium Small Companies ,OPS0002AU,Oc Funds,www.ocfunds.com.au,,,,,,,,,,,,,
Omega Global Corporate Bond ,WHT0023AU,OmegaGI,www.omegagi.com,,,,,,,,,,,,,
Omega Global Listed Infrastructure ,WHT0051AU,OmegaGI,www.omegagi.com,,,,,,,,,,,,,
Ophir Opportunities Ordinary ,OPH0001AU,Ophir,www.ophiram.com.au,,,,,,,,,,,,,
Pan-Tribal Global Equity ,ETL0419AU,Pan Tribal,www.pantribal.com.au,,,,,,,,,,,,,
Paradice Australian Equities AUD ,ETL8084AU,Paradice,www.paradice.com,,,,,,,,,,,,,
Paradice Australian Mid Cap B ,ETL8772AU,Paradice,www.paradice.com,,,,,,,,,,,,,
Paradice Australian Small Cap B ,ETL0739AU,Paradice,www.paradice.com,,,,,,,,,,,,,
Paradice Global Small Cap A Unhedged ,ETL0365AU,Paradice,www.paradice.com,,,,,,,,,,,,,
Partners Group Global Multi Asset ,ETL0431AU,Partners Group,www.partnersgroupaustralia.com.au,,,,,,,,,,,,,
Partners Group Global Real Estate ,ETL0480AU,Partners Group,www.partnersgroupaustralia.com.au,,,,,,,,,,,,,
Payden Global Income Opportunities A ,GSF0008AU,GSFM,www.gsfm.com.au,,,,,,,,,,,,,
Pendal Active Long Volatility ,BTA7229AU,Pendal,www.pendalgroup.com,,,,,,,,,,,,,
Pendal Australian Equity ,BTA0055AU,Pendal,www.pendalgroup.com,,,,,,,,,,,,,
Pendal Australian Long/Short ,RFA0064AU,Pendal,www.pendalgroup.com,,,,,,,,,,,,,
Pendal Australian Share ,RFA0818AU,Pendal,www.pendalgroup.com,,,,,,,,,,,,,
Pendal Balanced Returns ,BTA0806AU,Pendal,www.pendalgroup.com,,,,,,,,,,,,,
Pendal Concentrated Global Share Hedged ,RFA0031AU,Pendal,www.pendalgroup.com,,,,,,,,,,,,,
Pendal Concentrated Global Share No 2 ,RFA0821AU,Pendal,www.pendalgroup.com,,,,,,,,,,,,,
Pendal Concentrated Global Share No 3 ,BTA0056AU,Pendal,www.pendalgroup.com,,,,,,,,,,,,,
Pendal Concentrated Global Share ,BTA0503AU,Pendal,www.pendalgroup.com,,,,,,,,,,,,,
Pendal Dynamic Global Equity ,BTA0321AU,Pendal,www.pendalgroup.com,,,,,,,,,,,,,
Pendal Dynamic Income ,BTA8657AU,Pendal,www.pendalgroup.com,,,,,,,,,,,,,
Pendal Enhanced Credit ,RFA0100AU,Pendal,www.pendalgroup.com,,,,,,,,,,,,,
Pendal Enhanced Global Fixed Interest ,WFS0005AU,Pendal,www.pendalgroup.com,,,,,,,,,,,,,
Pendal Fixed Interest ,RFA0032AU,Pendal,www.pendalgroup.com,,,,,,,,,,,,,
Pendal Focus Australian Share ,RFA0059AU,Pendal,www.pendalgroup.com,,,,,,,,,,,,,
Pendal Global Emerging Markets Opportunities-WS ,BTA0419AU,Pendal,www.pendalgroup.com,,,,,,,,,,,,,
Pendal Global Fixed Interest ,RFA0032AU,Pendal,www.pendalgroup.com,,,,,,,,,,,,,
Pendal Global Property Securities ,RFA0051AU,Pendal,www.pendalgroup.com,,,,,,,,,,,,,
Pendal Government Bond ,BTA0111AU,Pendal,www.pendalgroup.com,,,,,,,,,,,,,
Pendal Horizon ,RFA0025AU,Pendal,www.pendalgroup.com,,,,,,,,,,,,,
Pendal Imputation ,RFA0103AU,Pendal,www.pendalgroup.com,,,,,,,,,,,,,
Pendal Managed Cash ,WFS0245AU,Pendal,www.pendalgroup.com,,,,,,,,,,,,,
Pendal MicroCap Opportunities ,RFA0061AU,Pendal,www.pendalgroup.com,,,,,,,,,,,,,
Pendal MidCap ,BTA0313AU,Pendal,www.pendalgroup.com,,,,,,,,,,,,,
Pendal Property Investment ,RFA0817AU,Pendal,www.pendalgroup.com,,,,,,,,,,,,,
Pendal Property Securities ,BTA0061AU,Pendal,www.pendalgroup.com,,,,,,,,,,,,,
Pendal Pure Alpha Fixed Income ,BTA0441AU,Pendal,www.pendalgroup.com,,,,,,,,,,,,,
Pendal Short Term Income Securities ,WFS0377AU,Pendal,www.pendalgroup.com,,,,,,,,,,,,,
Pendal Smaller Companies ,RFA0819AU,Pendal,www.pendalgroup.com,,,,,,,,,,,,,
Pendal Stable Cash Plus ,BTA0459AU,Pendal,www.pendalgroup.com,,,,,,,,,,,,,
Pendal Sustainable Australian Fixed Interest ,BTA0507AU,Pendal,www.pendalgroup.com,,,,,,,,,,,,,
Pendal Sustainable Australian Share ,WFS0285AU,Pendal,www.pendalgroup.com,,,,,,,,,,,,,
Pendal Sustainable International Fixed Interest ,BTA0509AU,Pendal,www.pendalgroup.com,,,,,,,,,,,,,
Pendal Sustainable International Share ,BTA0568AU,Pendal,www.pendalgroup.com,,,,,,,,,,,,,
Pendal Total Return ,RFA0108AU,Pendal,www.pendalgroup.com,,,,,,,,,,,,,
Pengana Australian Equities A ,PCL0005AU,Pengana,pengana.com,,,,,,,,,,,,,
Pengana Emerging Companies ,PER0270AU,Pengana,pengana.com,,,,,,,,,,,,,
Pengana Global Small Companies ,PCL0022AU,Pengana,pengana.com,,,,,,,,,,,,,
Pengana High Conviction Equities A ,HHA0020AU,Pengana,pengana.com,,,,,,,,,,,,,
Pengana WHEB Sustainable Impact ,HHA0007AU,Pengana,pengana.com,,,,,,,,,,,,,
Perennial Private to Public Opportunities ,WPC8486AU,Perennial,perennial.net.au,,,,,,,,,,,,,
Perennial Value Australian Shares Trust ,IOF0200AU,Perennial,perennial.net.au,,,,,,,,,,,,,
Perennial Value Microcap Opportunities Trust ,WPC3982AU,Perennial,perennial.net.au,,,,,,,,,,,,,
Perennial Value Shares for Income Trust ,IOF0078AU,Perennial,perennial.net.au,,,,,,,,,,,,,
Perennial Value Shares Wholesale Trust ,IOF0206AU,Perennial,perennial.net.au,,,,,,,,,,,,,
Perennial Value Smaller Companies Trust ,IOF0214AU,Perennial,perennial.net.au,,,,,,,,,,,,,
Perennial Value Wealth Defender Australian Shares Trust ,IOF0228AU,Perennial,perennial.net.au,,,,,,,,,,,,,
Perpetual Active Fixed Interest A ,PER8045AU,Perpetual,www.perpetual.com.au,,,,,,,,,,,,,
Perpetual Australian Share ,PER0049AU,Perpetual,www.perpetual.com.au,,,,,,,,,,,,,
Perpetual Bentham Global Income ,PER0467AU,Perpetual,www.perpetual.com.au,,,,,,,,,,,,,
Perpetual Cash Management ,PER0001AU,Perpetual,www.perpetual.com.au,,,,,,,,,,,,,
Perpetual Credit Income ,PER0263AU,Perpetual,www.perpetual.com.au,,,,,,,,,,,,,
Perpetual Diversified Income ,PER0260AU,Perpetual,www.perpetual.com.au,,,,,,,,,,,,,
Perpetual Diversified Real Return W ,PER0556AU,Perpetual,www.perpetual.com.au,,,,,,,,,,,,,
Perpetual Ethical SRI Credit A ,PER1744AU,Perpetual,www.perpetual.com.au,,,,,,,,,,,,,
Perpetual Exact Market Return ,PER0258AU,Perpetual,www.perpetual.com.au,,,,,,,,,,,,,
Perpetual Global Share A ,PER0733AU,Perpetual,www.perpetual.com.au,,,,,,,,,,,,,
Perpetual High Grade Floating Rate R ,PER0562AU,Perpetual,www.perpetual.com.au,,,,,,,,,,,,,
Perpetual Income Opportunities ,PER0436AU,Perpetual,www.perpetual.com.au,,,,,,,,,,,,,
Perpetual Pure Credit Alpha W ,PER0669AU,Perpetual,www.perpetual.com.au,,,,,,,,,,,,,
Perpetual Pure Equity Alpha ,PER0668AU,Perpetual,www.perpetual.com.au,,,,,,,,,,,,,
Perpetual Pure Microcap ,PER0704AU,Perpetual,www.perpetual.com.au,,,,,,,,,,,,,
Perpetual Pure Value Share ,PER0439AU,Perpetual,www.perpetual.com.au,,,,,,,,,,,,,
Perpetual WealthFocus Investment Advantage Aspect Diversified Futures ,PER0700AU,Perpetual,www.perpetual.com.au,,,,,,,,,,,,,
Perpetual WealthFocus Investment Advantage Perpetual Diversified Real Return ,PER0739AU,Perpetual,www.perpetual.com.au,,,,,,,,,,,,,
Perpetual WealthFocus Investment Advantage Perpetual Dynamic Fixed Income ,PER0738AU,Perpetual,www.perpetual.com.au,,,,,,,,,,,,,
Perpetual WF Investment Advantage AMP Capital Global Property Securities ,PER0542AU,Perpetual,www.perpetual.com.au,,,,,,,,,,,,,
Perpetual WF Investment Advantage Ausbil Australian Emerging Leaders ,PER0451AU,Perpetual,www.perpetual.com.au,,,,,,,,,,,,,
Perpetual WF Investment Advantage Investors Mutual Future Leaders ,PER0483AU,Perpetual,www.perpetual.com.au,,,,,,,,,,,,,
Perpetual WF Investment Advantage Schroder Fixed Income ,PER0446AU,Perpetual,www.perpetual.com.au,,,,,,,,,,,,,
Perpetual WF Investment Advantage Vanguard Australian Fixed Interest Index ,PER0507AU,Perpetual,www.perpetual.com.au,,,,,,,,,,,,,
Perpetual Wholesale Australian Share ,PER0049AU,Perpetual,www.perpetual.com.au,,,,,,,,,,,,,
Perpetual Wholesale Concentrated Equity ,PER0102AU,Perpetual,www.perpetual.com.au,,,,,,,,,,,,,
Perpetual Wholesale Diversified Growth ,PER0114AU,Perpetual,www.perpetual.com.au,,,,,,,,,,,,,
Perpetual Wholesale Dynamic Fixed Income ,PER0557AU,Perpetual,www.perpetual.com.au,,,,,,,,,,,,,
Perpetual Wholesale Ethical SRI ,PER0116AU,Perpetual,www.perpetual.com.au,,,,,,,,,,,,,
Perpetual Wholesale Global Share Hedged A ,PER0752AU,Perpetual,www.perpetual.com.au,,,,,,,,,,,,,
Perpetual Wholesale International Share ,PER0050AU,Perpetual,www.perpetual.com.au,,,,,,,,,,,,,
Perpetual Wholesale Shareplus LongShort ,PER0072AU,Perpetual,www.perpetual.com.au,,,,,,,,,,,,,
Perpetual Wholesale Smaller Companies 2 ,PER0259AU,Perpetual,www.perpetual.com.au,,,,,,,,,,,,,
Perpetual Wholesale Smaller Companies ,PER0048AU,Perpetual,www.perpetual.com.au,,,,,,,,,,,,,
PIMCO Australian Bond Wholesale ,ETL0015AU,PIMCO,www.pimco.com.au,,,,,,,,,,,,,
PIMCO Australian Short-Term Bond Wholesale ,ETL0182AU,PIMCO,www.pimco.com.au,,,,,,,,,,,,,
Pimco Capital Securities Wholesale ,ETL0445AU,Pimco,www.pimco.com.au,,,,,,,,,,,,,
PIMCO Diversified Fixed Interest Wholesale ,ETL0016AU,PIMCO,www.pimco.com.au,,,,,,,,,,,,,
Pimco ESG Global Bond Wholesale ,PIC6396AU,Pimco,www.pimco.com.au,,,,,,,,,,,,,
PIMCO Global Bond Wholesale ,ETL0018AU,PIMCO,www.pimco.com.au,,,,,,,,,,,,,
PIMCO Global Credit Wholesale ,ETL0019AU,PIMCO,www.pimco.com.au,,,,,,,,,,,,,
Pimco Income Wholesale ,ETL0458AU,Pimco,www.pimco.com.au,,,,,,,,,,,,,
PIMCO Target Return Institutional ,ETL0050AU,PIMCO,www.pimco.com.au,,,,,,,,,,,,,
Pimco TRENDS Managed Futures Strategy Wholesale ,PIC9659AU,PIMCO,www.pimco.com.au,,,,,,,,,,,,,
PineBridge Global Dynamic Asset Allocation I ,PER0744AU,Pinebridge,www.pinebridge.com,,,,,,,,,,,,,
Pinnacle BNY Mellon Global Infrastructure Yield A ,WHT6597AU,Pinnacle,pinnacleinvestment.com,,,,,,,,,,,,,
Plato Global Shares Income A ,WHT0061AU,Plato ,plato.com.au,,,,,,,,,,,,,
Platypus Australian Equities Trust Wholesale ,AUS0030AU ,Platypus,www.platypusassetmanagement.com.au,,,,,,,,,,,,,
Platypus Systematic Growth ,AUS0036AU,Platypus,www.platypusassetmanagement.com.au,,,,,,,,,,,,,
PM Capital Australian Companies ,PMC0101AU,PM,www.pmcapital.com.au,,,,,,,,,,,,,
PM Capital Enhanced Yield B ,PMC4700AU,PM,www.pmcapital.com.au,,,,,,,,,,,,,
PM Capital Global Companies ,PMC0100AU,PM,www.pmcapital.com.au,,,,,,,,,,,,,
Premium Asia Income ,MAQ0782AU,Premium China,www.premiumchinafunds.com.au,,,,,,,,,,,,,
Prime Value Emerging Opportunities ,PVA0013AU,Prime Value,primevalue.com.au,,,,,,,,,,,,,
Prime Value Growth A ,PVA0001AU,Prime Value,primevalue.com.au,,,,,,,,,,,,,
Prime Value Imputation A ,PVA0002AU,Prime Value,primevalue.com.au,,,,,,,,,,,,,
Prime Value Opportunities A ,PVA0005AU,Prime Value,primevalue.com.au,,,,,,,,,,,,,
Pyrford BMO Pyrford Global Absolute Return ,PER0728AU,BMOG,www.bmogam.com,,,,,,,,,,,,,
RARE Emerging Markets ,TGP0015AU,ClearBridge,www.clearbridgeinvestments.com.au,,,,,,,,,,,,,
RARE Infrastructure Value Hedged ,TGP0008AU,ClearBridge,www.clearbridgeinvestments.com.au,,,,,,,,,,,,,
RARE Infrastructure Value Unhedged ,TGP0034AU,ClearBridge,www.clearbridgeinvestments.com.au,,,,,,,,,,,,,
Realm High Income ,OMIF1394AU,Realm,www.realminvestments.com.au,,,,,,,,,,,,,
Realm Short Term Income ,OMF8160AU,Realm,www.realminvestments.com.au,,,,,,,,,,,,,
Resolution Capital Core Plus Property Securities II ,IOF0044AU,Rescap,rescap.com,,,,,,,,,,,,,
Robeco Global DM Multifactor Alpha Equities Hedged ,ETL6318AU,Robeco,www.robeco.com,,,,,,,,,,,,,
Russell Australian Bond A ,RIM0005AU,Russell,russellinvestments.com,,,,,,,,,,,,,
Russell Australian Bond Income A ,RIM0045AU,Russell,russellinvestments.com,,,,,,,,,,,,,
Russell Australian Cash A ,RIM0041AU,Russell,russellinvestments.com,,,,,,,,,,,,,
Russell Australian Floating Rate ,RIM0037AU,Russell,russellinvestments.com,,,,,,,,,,,,,
Russell Diversified 50 C ,RIM0013AU,Russell,russellinvestments.com,,,,,,,,,,,,,
Russell Global Listed Infrastructure $A Hedged A ,RIM0042AU,Russell,russellinvestments.com,,,,,,,,,,,,,
Russell Global Opportunities $A Hedged A AUD ,RIM0039AU,Russell,russellinvestments.com,,,,,,,,,,,,,
Russell International Bond A$ Hedged A ,RIM0007AU,Russell,russellinvestments.com,,,,,,,,,,,,,
Sandhurst Strategic Income A ,STL0027AU,Bendigo Bank,www.bendigobank.com.au,,,,,,,,,,,,,
Sanlam Real Assets ,ETL2760AU,Sanlam Private Wealth,sanlamprivatewealth.com.au,,,,,,,,,,,,,
Schroder Absolute Return Income Professional ,SCH0002AU,Schroders,www.schroders.com,,,,,,,,,,,,,
Schroder Australian Equity ,SCH0002AU,Schroders,www.schroders.com,,,,,,,,,,,,,
Schroder Emerging Markets Sustainable Wholesale ,SCH0097AU,Schroders,www.schroders.com,,,,,,,,,,,,,
Schroder Equity Opportunities Wholesale ,SCH0035AU,Schroders,www.schroders.com,,,,,,,,,,,,,
Schroder Fixed Income Wholesale ,SCH0028AU,Schroders,www.schroders.com,,,,,,,,,,,,,
Schroder Global Emerging Markets Wholesale ,SCH0034AU,Schroders,www.schroders.com,,,,,,,,,,,,,
Schroder Global Recovery Wholesale ,SCH0095AU,Schroders,www.schroders.com,,,,,,,,,,,,,
Schroder Global Sustainable Equity Hedged Inst ,SCH0051AU,Schroders,www.schroders.com,,,,,,,,,,,,,
Schroder Global Sustainable Equity Wholesale ,SCH0040AU,Schroders,www.schroders.com,,,,,,,,,,,,,
Schroder Global Value Hedged ,SCH0032AU,Schroders,www.schroders.com,,,,,,,,,,,,,
Schroder Global Value Unhedged ,SCH0030AU,Schroders,www.schroders.com,,,,,,,,,,,,,
Schroder Strategic Growth Wholesale ,SCH0102AU,Schroders,www.schroders.com,,,,,,,,,,,,,
Schroder Sustainable Global Core Wholesale ,SCH0003AU,Schroders,www.schroders.com,,,,,,,,,,,,,
Schroder Wholesale Australian Equity ,SCH0101AU,Schroders,www.schroders.com,,,,,,,,,,,,,
SGH 20 ,ETL0042AU,SGHiscock,sghiscock.com.au,,,,,,,,,,,,,
SGH Australia Plus ,ETL0383AU,SGHiscock,sghiscock.com.au,,,,,,,,,,,,,
SGH Emerging Companies ,ETL0118AU,SGHiscock,sghiscock.com.au,,,,,,,,,,,,,
SGH ICE ,ETL0062AU,SGHiscock,sghiscock.com.au,,,,,,,,,,,,,
SGH LaSalle Concentrated Global Property ,ETL0394AU,SGHiscock,sghiscock.com.au,,,,,,,,,,,,,
SGH LaSalle Global Listed Property Securities ,ETL0005AU,SGHiscock,sghiscock.com.au,,,,,,,,,,,,,
SGH Property Income ,ETL0119AU,SGHiscock,sghiscock.com.au,,,,,,,,,,,,,
Smarter Money Higher Income Assisted Investor ,SLT0052AU,Coolabah,coolabahcapital.com,,,,,,,,,,,,,
Smarter Money Smarter Money Assisted Investor ,CRE0014AU,Coolabah,coolabahcapital.com,,,,,,,,,,,,,
Solaris Australian Equity (Total Return) ,SOL0002AU,Solaris,solariswealth.com.au,,,,,,,,,,,,,
Solaris Australian Equity Long Short ,WHT3859AU,Solaris,solariswealth.com.au,,,,,,,,,,,,,
Spectrum Spectrum Strategic Income ,ETL0072AU,EQT,www.eqt.com.au,,,,,,,,,,,,,
Spheria Australian Microcap ,WHT0066AU,Spheria,spheria.com.au,,,,,,,,,,,,,
Spheria Australian Smaller Companies ,WHT0008AU,Spheria,spheria.com.au,,,,,,,,,,,,,
Spheria Opportunities ,WHT0025AU,Spheria,spheria.com.au,,,,,,,,,,,,,
Spire USA Multifamily IV ,SPI1337AU,Spire,www.spirecapital.com.au,,,,,,,,,,,,,
Spire USA ROC II ,ETL0371AU,Spire,www.spirecapital.com.au,,,,,,,,,,,,,
Spire USA ROC III Retail ,ETL0460AU,Spire,www.spirecapital.com.au,,,,,,,,,,,,,
Spire USA ROC IV ,ETL8946AU,Spire,www.spirecapital.com.au,,,,,,,,,,,,,
Spire USA ROC Office I ,ETL1567AU,Spire,www.spirecapital.com.au,,,,,,,,,,,,,
Spire USA ROC Seniors Housing and Medical Properties II ,ETL1507AU,Spire,www.spirecapital.com.au,,,,,,,,,,,,,
Spire USA ROC Seniors Housing and Medical Properties Retail ,ETL0412AU,Spire,www.spirecapital.com.au,,,,,,,,,,,,,
SSgA Floating Rate ,SST4725AU,SSGA,www.ssga.com,,,,,,,,,,,,,
State Street Australian Equities Index Trust ,SST0004AU,SSGA,www.ssga.com,,,,,,,,,,,,,
State Street Australian Equity ,SST0048AU,SSGA,www.ssga.com,,,,,,,,,,,,,
State Street Australian Fixed Income Index Trust ,SST0005AU,SSGA,www.ssga.com,,,,,,,,,,,,,
State Street Australian Listed Property Index Trust ,SST0007AU,SSGA,www.ssga.com,,,,,,,,,,,,,
State Street Climate ESG International Equity ,SST0057AU,SSGA,www.ssga.com,,,,,,,,,,,,,
State Street Global Equity ,SST0050AU,SSGA,www.ssga.com,,,,,,,,,,,,,
State Street Global Fixed Income Index Trust ,SST0009AU,SSGA,www.ssga.com,,,,,,,,,,,,,
State Street Global Index Plus (Hedged) Trust ,SST0021AU,SSGA,www.ssga.com,,,,,,,,,,,,,
State Street Global Index Plus Trust ,SST0010AU,SSGA,www.ssga.com,,,,,,,,,,,,,
State Street International Equities Index (Hedged) Trust ,SST0022AU,SSGA,www.ssga.com,,,,,,,,,,,,,
State Street International Equities Index Trust ,SST0013AU,SSGA,www.ssga.com,,,,,,,,,,,,,
T. Rowe Price Australian Equity ,ETL0328AU,Trowe Price,www.troweprice.com,,,,,,,,,,,,,
T. Rowe Price Dynamic Global Bond ,ETL0398AU,Trowe Price,www.troweprice.com,,,,,,,,,,,,,
T. Rowe Price Global Equity ,ETL0071AU,Trowe Price,www.troweprice.com,,,,,,,,,,,,,
Talaria Global Equity Hedged ,WFS0547AU,Talaria,www.talariacapital.com.au,,,,,,,,,,,,,
Talaria Global Equity Wholesale Units ,AUS0035AU,Talaria,www.talariacapital.com.au,,,,,,,,,,,,,
THB International Micro Cap W ,ETL3238AU,Brook Vine,brookvine.com.au,,,,,,,,,,,,,
Tribeca Alpha Plus A ,ETL0069AU,GSFM,www.gsfm.com.au,,,,,,,,,,,,,
Trinetra Emerging Markets Growth Trust ,PIM4232AU,Trineta,www.trinetra-im.com,,,,,,,,,,,,,
U Ethical Australian Equities Trust Retail ,UGF0001AU,Uethical,www.uethical.com,,,,,,,,,,,,,
U Ethical Australian Equities Trust Wholesale ,UGF2230AU,Uethical,www.uethical.com,,,,,,,,,,,,,
U Ethical Cash Management Trust ,UGF0002AU,Uethical,www.uethical.com,,,,,,,,,,,,,
UBS Australian Bond Fund ,SBC0813AU,UBS,www.ubs.com,,,,,,,,,,,,,
UBS Australian Small Companies Fund ,UBS0004AU,UBS,www.ubs.com,,,,,,,,,,,,,
UBS Australian Small Companies SIV Fund ,UBS0063AU,UBS,www.ubs.com,,,,,,,,,,,,,
UBS Cash Fund ,UBS8018AU,UBS,www.ubs.com,,,,,,,,,,,,,
UBS Clarion Global Infrastructure Securities Fund ,UBS0064AU,UBS,www.ubs.com,,,,,,,,,,,,,
UBS Clarion Global Property Securities Fund ,HML0016AU,UBS,www.ubs.com,,,,,,,,,,,,,
UBS Diversified Fixed Income Fund ,SBC0007AU,UBS,www.ubs.com,,,,,,,,,,,,,
UBS Emerging Markets Equity Fund ,UBS8018AU,UBS,www.ubs.com,,,,,,,,,,,,,
UBS Income Solution Fund ,UBS0003AU,UBS,www.ubs.com,,,,,,,,,,,,,
UBS International Bond Fund ,SBC0819AU,UBS,www.ubs.com,,,,,,,,,,,,,
UBS International Share Fund ,SBC0822AU,UBS,www.ubs.com,,,,,,,,,,,,,
UBS Microcap Fund ,UBS0057AU,UBS,www.ubs.com,,,,,,,,,,,,,
UBS Property Securities Fund ,SBC0816AU,UBS,www.ubs.com,,,,,,,,,,,,,
UBS Short-Term Fixed Income Fund ,SBC0812AU,UBS,www.ubs.com,,,,,,,,,,,,,
UBS Tactical Beta Fund Balanced ,UBS0041AU,UBS,www.ubs.com,,,,,,,,,,,,,
Vanguard Active Emerging Markets Equity ,VAN0221AU,Vanguard,www.vanguard.com.au,,,,,,,,,,,,,
Vanguard Active Global Growth ,VAN0722AU,Vanguard,www.vanguard.com.au,,,,,,,,,,,,,
Vanguard Australian Corporate Fixed Interest Index ,VAN0065AU,Vanguard,www.vanguard.com.au,,,,,,,,,,,,,
Vanguard Australian Fixed Interest Index ,VAN0001AU,Vanguard,www.vanguard.com.au,,,,,,,,,,,,,
Vanguard Australian Government Bond Index ,VAN0025AU,Vanguard,www.vanguard.com.au,,,,,,,,,,,,,
Vanguard Australian Property Securities Index ,VAN0004AU,Vanguard,www.vanguard.com.au,,,,,,,,,,,,,
Vanguard Australian Shares Index ,VAN0002AU,Vanguard,www.vanguard.com.au,,,,,,,,,,,,,
Vanguard Balanced Index ,VAN0108AU,Vanguard,www.vanguard.com.au,,,,,,,,,,,,,
Vanguard Cash Reserve ,VAN0020AU,Vanguard,www.vanguard.com.au,,,,,,,,,,,,,
Vanguard Emerging Markets Share Index ,VAN0005AU,Vanguard,www.vanguard.com.au,,,,,,,,,,,,,
Vanguard Ethically Conscious Global Aggregate Bond Index Hedged AUD ,VAN2989AU,Vanguard,www.vanguard.com.au,,,,,,,,,,,,,
Vanguard Ethically Conscious Global Aggregate Bond Index Hedged NZD ,VAN1233AU,Vanguard,www.vanguard.com.au,,,,,,,,,,,,,
Vanguard Ethically Conscious International Shares Index Hedged NZD ,VAN4013AU,Vanguard,www.vanguard.com.au,,,,,,,,,,,,,
Vanguard Global Aggregate Bond Index ETF Hedged ,VAN9309AU,Vanguard,www.vanguard.com.au,,,,,,,,,,,,,
Vanguard Global Aggregate Bond Index Hedged Inc ,VAN9309AU,Vanguard,www.vanguard.com.au,,,,,,,,,,,,,
Vanguard Global Infrastructure Index Hedged ,VAN0024AU,Vanguard,www.vanguard.com.au,,,,,,,,,,,,,
Vanguard Global Infrastructure Index ,VAN0023AU,Vanguard,www.vanguard.com.au,,,,,,,,,,,,,
Vanguard Global Minimum Volatility ,VAN0068AU,Vanguard,www.vanguard.com.au,,,,,,,,,,,,,
Vanguard Global Multi-Factor ,VAN3759AU,Vanguard,www.vanguard.com.au,,,,,,,,,,,,,
Vanguard Global Value Equity ,VAN0074AU,Vanguard,www.vanguard.com.au,,,,,,,,,,,,,
Vanguard Index Australian Shares ,VAN0010AU,Vanguard,www.vanguard.com.au,,,,,,,,,,,,,
Vanguard Index Diversified Bond ,VAN0101AU,Vanguard,www.vanguard.com.au,,,,,,,,,,,,,
Vanguard Index Hedged International Shares ,VAN0107AU,Vanguard,www.vanguard.com.au,,,,,,,,,,,,,
Vanguard Index International Shares ,VAN0011AU,Vanguard,www.vanguard.com.au,,,,,,,,,,,,,
Vanguard International Credit Securities Index Hedged ,VAN0106AU,Vanguard,www.vanguard.com.au,,,,,,,,,,,,,
Vanguard International Fixed Interest Index Hedged ,VAN0103AU,Vanguard,www.vanguard.com.au,,,,,,,,,,,,,
Vanguard International Property Securities Index Hedged ,VAN0019AU,Vanguard,www.vanguard.com.au,,,,,,,,,,,,,
Vanguard International Property Securities Index ,VAN0018AU,Vanguard,www.vanguard.com.au,,,,,,,,,,,,,
Vanguard International Share Index AUD ,VAN0003AU,Vanguard,www.vanguard.com.au,,,,,,,,,,,,,
Vanguard International Share Index Hedged AUD ,VAN0105AU,Vanguard,www.vanguard.com.au,,,,,,,,,,,,,
Vanguard International Share Index Hedged NZD NZD ,VAN0066AU,Vanguard,www.vanguard.com.au,,,,,,,,,,,,,
Vanguard International Shares Select Exclusions Index AUD ,VAN3200AU,Vanguard,www.vanguard.com.au,,,,,,,,,,,,,
Vanguard International Small Companies Index ,VAN0021AU,Vanguard,www.vanguard.com.au,,,,,,,,,,,,,
Vanguard Investor Short Term Fixed Interest ,VAN0100AU,Vanguard,www.vanguard.com.au,,,,,,,,,,,,,
Vanguard LifeStrategy Balanced ,VAN0124AU,Vanguard,www.vanguard.com.au,,,,,,,,,,,,,
Vanguard Short Term Fixed Interest ,VAN0102AU,Vanguard,www.vanguard.com.au,,,,,,,,,,,,,
Ventura Australian Opportunities ,VEN0026AU,Ventura,venturafm.com.au,,,,,,,,,,,,,
Ventura Australian Shares ,VEN0030AU,Ventura,venturafm.com.au,,,,,,,,,,,,,
Ventura Diversified 50 ,VEN0028AU,Ventura,venturafm.com.au,,,,,,,,,,,,,
Ventura Global Opportunities ,VEN0008AU,Ventura,venturafm.com.au,,,,,,,,,,,,,
Ventura International Shares ,VEN0031AU,Ventura,venturafm.com.au,,,,,,,,,,,,,
Watermark Absolute Return ,ETL8732AU,Wfunds,wfunds.com.au,,,,,,,,,,,,,
WaveStone Australian Share ,HOW0020AU,WaveStone,www.wavestonecapital.com.au,,,,,,,,,,,,,
WaveStone Dynamic Australian Equity ,HOW0053AU,WaveStone,www.wavestonecapital.com.au,,,,,,,,,,,,,
Wenlock Global ,ETL0676AU,Wenlock,www.wenlockcapital.com.au,,,,,,,,,,,,,
Wheelhouse Partners Wheelhouse Global Equity Income ,BFL3446AU,Wheelhouse Partners,www.wheelhouse-partners.com,,,,,,,,,,,,,
Yarra Australian Equities Direct ,JBW0114AU,Yarra,www.yarracm.com,,,,,,,,,,,,,
Yarra Australian Real Assets Securities ,JBW0030AU,Yarra,www.yarracm.com,,,,,,,,,,,,,
Yarra Emerging Leaders Direct ,JBW0007AU,Yarra,www.yarracm.com,,,,,,,,,,,,,
Yarra Ex-20 Australian Equities ,JBW0052AU,Yarra,www.yarracm.com,,,,,,,,,,,,,
Yarra Global Small Companies ,JBW0103AU,Yarra,www.yarracm.com,,,,,,,,,,,,,
Yarra Investment ,JBW0005AU,Yarra,www.yarracm.com,,,,,,,,,,,,,
Yarra Leaders ,JBW0011AU,Yarra,www.yarracm.com,,,,,,,,,,,,,
Zurich Investments Australian Property Securities ,ZUR0064AU,Zurich,www.zurich.com.au,,,,,,,,,,,,,
Zurich Investments Concentrated Global Growth ,ZUR0617AU,Zurich,www.zurich.com.au,,,,,,,,,,,,,
Zurich Investments Emerging Markets Equity ,ZUR0614AU,Zurich,www.zurich.com.au,,,,,,,,,,,,,
Zurich Investments Global Growth Share ,ZUR0580AU,Zurich,www.zurich.com.au,,,,,,,,,,,,,
Zurich Investments Global Thematic Share ,ZUR0517AU,Zurich,www.zurich.com.au,,,,,,,,,,,,,
Zurich Investments Hedged Concentrated Global Growth ,ZUR0619AU,Zurich,www.zurich.com.au,,,,,,,,,,,,,
Zurich Investments Hedged Global Growth Share ,ZUR0619AU,Zurich,www.zurich.com.au,,,,,,,,,,,,,
Zurich Investments Hedged Global Thematic Share ,ZUR0517AU,Zurich,www.zurich.com.au,,,,,,,,,,,,,
Zurich Investments Small Companies D ,ZUR7150AU,Zurich,www.zurich.com.au,,,,,,,,,,,,,
Zurich Investments Unhedged Global Growth Share ,ZUR0581AU,Zurich,www.zurich.com.au,,,,,,,,,,,,,
,,,,,,,,,,,,,,,,
,,,,,,,,,,,,,,,,
,,,,,,,,,,,,,,,,
,,,,,,,,,,,,,,,,
,,,,,,,,,,,,,,,,
,,,,,,,,,,,,,,,,
,,,,,,,,,,,,,,,,
,,,,,,,,,,,,,,,,
,,,,,,,,,,,,,,,,
,,,,,,,,,,,,,,,,
,,,,,,,,,,,,,,,,
,,,,,,,,,,,,,,,,
,,,,,,,,,,,,,,,,
,,,,,,,,,,,,,,,,
,,,,,,,,,,,,,,,,
,,,,,,,,,,,,,,,,
,,,,,,,,,,,,,,,,
,,,,,,,,,,,,,,,,
,,,,,,,,,,,,,,,,
,,,,,,,,,,,,,,,,
,,,,,,,,,,,,,,,,
,,,,,,,,,,,,,,,,
,,,,,,,,,,,,,,,,
,,,,,,,,,,,,,,,,
,,,,,,,,,,,,,,,,
,,,,,,,,,,,,,,,,
,,,,,,,,,,,,,,,,
,,,,,,,,,,,,,,,,
,,,,,,,,,,,,,,,,
,,,,,,,,,,,,,,,,
,,,,,,,,,,,,,,,,
,,,,,,,,,,,,,,,,
,,,,,,,,,,,,,,,,
,,,,,,,,,,,,,,,,
,,,,,,,,,,,,,,,,
,,,,,,,,,,,,,,,,
,,,,,,,,,,,,,,,,
,,,,,,,,,,,,,,,,
,,,,,,,,,,,,,,,,
,,,,,,,,,,,,,,,,
,,,,,,,,,,,,,,,,
,,,,,,,,,,,,,,,,
,,,,,,,,,,,,,,,,
,,,,,,,,,,,,,,,,
,,,,,,,,,,,,,,,,
,,,,,,,,,,,,,,,,
,,,,,,,,,,,,,,,,
,,,,,,,,,,,,,,,,
,,,,,,,,,,,,,,,,
,,,,,,,,,,,,,,,,
,,,,,,,,,,,,,,,,
,,,,,,,,,,,,,,,,
,,,,,,,,,,,,,,,,
,,,,,,,,,,,,,,,,
,,,,,,,,,,,,,,,,
,,,,,,,,,,,,,,,,
,,,,,,,,,,,,,,,,
,,,,,,,,,,,,,,,,
,,,,,,,,,,,,,,,,
,,,,,,,,,,,,,,,,
,,,,,,,,,,,,,,,,
,,,,,,,,,,,,,,,,
,,,,,,,,,,,,,,,,
,,,,,,,,,,,,,,,,
,,,,,,,,,,,,,,,,
,,,,,,,,,,,,,,,,
,,,,,,,,,,,,,,,,
,,,,,,,,,,,,,,,,
,,,,,,,,,,,,,,,,
,,,,,,,,,,,,,,,,
,,,,,,,,,,,,,,,,
,,,,,,,,,,,,,,,,
,,,,,,,,,,,,,,,,
,,,,,,,,,,,,,,,,
,,,,,,,,,,,,,,,,
,,,,,,,,,,,,,,,,
,,,,,,,,,,,,,,,,
,,,,,,,,,,,,,,,,
,,,,,,,,,,,,,,,,
